{"start epoch day": 19925.302738704846, "current epoch day": 19925.30308667736, "current day": 21, "current month": 7, "current weekday": 6, "seconds": 27, "minutes": 0, "hours": 0, "days": 0, "day sum (hour)": 0.007500000000000001, "day sum (second)": 27, "weeks": 0, "months": 0, "years": 0}