{"start epoch day": 19925.302738704846, "current epoch day": 19925.30671490444, "current day": 21, "current month": 7, "current weekday": 6, "seconds": 41, "minutes": 0, "hours": 0, "days": 0, "day sum (hour)": 0.01888888888888889, "day sum (second)": 28, "weeks": 0, "months": 0, "years": 0}